name,datetime,tempmax,tempmin,temp,humidity,precip,preciptype,snow,snowdepth,windgust,windspeed,winddir,sealevelpressure,cloudcover,visibility,uvindex,sunrise,sunset
chicago,2022-01-01,5,-1.3,1.6,81.7,2.289,"rain,snow",1.7,0.9,56.7,36.5,22.3,1010.1,100,7.4,0,2022-01-01T07:18:23,2022-01-01T16:30:14
chicago,2022-01-02,-1.6,-9,-4.7,73.1,0.792,"rain,snow",3.5,4.3,42.2,30.5,337.1,1021.5,66.5,12.7,2,2022-01-02T07:18:27,2022-01-02T16:31:07
chicago,2022-01-03,-4.7,-12,-8.2,61.3,0,,0.7,5.5,39.6,20.8,226.7,1028.2,11.3,16,3,2022-01-03T07:18:28,2022-01-03T16:32:01
chicago,2022-01-04,1.9,-4.8,-1.2,65.3,0,,0,5.2,53.2,31.2,190.8,1014.9,68.3,16,2,2022-01-04T07:18:28,2022-01-04T16:32:57
chicago,2022-01-05,1.5,-10.3,-6.8,66.4,0,,0,4.7,70.2,42.2,255.5,1007.4,93,9.9,2,2022-01-05T07:18:25,2022-01-05T16:33:54
chicago,2022-01-06,-9,-14.4,-11.6,66.7,0,,0,4.5,38.4,24,272.8,1020,41.8,15.4,3,2022-01-06T07:18:19,2022-01-06T16:34:53
chicago,2022-01-07,-9.7,-17.4,-13.3,63.2,0,,0,4.2,,19.4,252,1027.9,38.4,16,3,2022-01-07T07:18:12,2022-01-07T16:35:53
chicago,2022-01-08,1.9,-9.6,-4.3,69.3,0.572,"rain,snow",0,3.7,44.6,27.8,180.7,1021.5,73.1,12.1,1,2022-01-08T07:18:02,2022-01-08T16:36:55
chicago,2022-01-09,1.9,-11.4,-4,61.7,0.232,"rain,snow",0,3.2,52.7,30.7,289.7,1026.8,44.1,15.3,3,2022-01-09T07:17:49,2022-01-09T16:37:58
chicago,2022-01-10,-7.8,-13.3,-10,46.9,0,snow,0,3,40.7,24.1,299.4,1035.1,39.6,15.9,3,2022-01-10T07:17:35,2022-01-10T16:39:02
chicago,2022-01-11,2.7,-14.2,-6,53.2,0,,0,2.8,58.6,35.4,200.5,1027.4,38.6,16,3,2022-01-11T07:17:18,2022-01-11T16:40:07
chicago,2022-01-12,5.5,0.6,2.9,68.3,0,,0,2.1,48.2,21.5,232.6,1015.9,89.6,16,2,2022-01-12T07:16:58,2022-01-12T16:41:13
chicago,2022-01-13,4.7,-0.2,2.8,77,0,,0,1.2,31.7,18.4,15.4,1014.5,95.6,14.7,1,2022-01-13T07:16:37,2022-01-13T16:42:21
chicago,2022-01-14,2.8,-2,0.5,74.9,0.068,snow,0.5,1,46.8,29.3,40.8,1022.1,99.9,13.7,1,2022-01-14T07:16:13,2022-01-14T16:43:29
chicago,2022-01-15,-2.5,-6.5,-4.4,69.5,0.196,snow,0.3,1.4,41.2,29.8,59.2,1028.2,74.9,13.6,2,2022-01-15T07:15:47,2022-01-15T16:44:38
chicago,2022-01-16,-1.6,-9.3,-5.3,63.1,0.068,snow,0.7,1.3,36.4,21.6,298.6,1015.4,49.5,14.7,3,2022-01-16T07:15:18,2022-01-16T16:45:49
chicago,2022-01-17,-1.4,-4.2,-2.7,68.7,0,snow,0.2,1.2,43.2,27.1,302.8,1010.9,89.4,15.6,1,2022-01-17T07:14:48,2022-01-17T16:47:00
chicago,2022-01-18,7.1,-5.9,0.9,69.5,0,,0,0.8,54.1,34,200.8,1011.7,75,15.8,2,2022-01-18T07:14:15,2022-01-18T16:48:11
chicago,2022-01-19,5.6,-10.5,-3.9,59.4,0,,0,0.4,46.3,28.1,299.8,1019.1,60.5,16,2,2022-01-19T07:13:40,2022-01-19T16:49:24
chicago,2022-01-20,-6.3,-13.2,-10.2,51.9,0,,0,0.2,39.6,24.2,339,1035.9,25.7,16,5,2022-01-20T07:13:03,2022-01-20T16:50:37
chicago,2022-01-21,-3.5,-12.7,-7.6,57.7,0,,0,0.2,37.4,17.7,206.2,1034.9,47,16,4,2022-01-21T07:12:23,2022-01-21T16:51:51
chicago,2022-01-22,1.4,-6.6,-3.8,57,0.068,snow,3.3,1.3,49.1,29.6,245.9,1023.1,88.9,15.1,3,2022-01-22T07:11:42,2022-01-22T16:53:05
chicago,2022-01-23,-5,-12,-7.7,67.6,4.506,snow,5,6.8,54.4,30.8,332.4,1015.1,75.1,11,4,2022-01-23T07:10:59,2022-01-23T16:54:20
chicago,2022-01-24,-2.7,-10.8,-6.9,69.7,2.249,snow,1,7.5,44.3,28,285.8,1009.3,77.1,11.8,0,2022-01-24T07:10:13,2022-01-24T16:55:36
chicago,2022-01-25,-10.3,-16.4,-12.9,55.1,0,,0.1,6.8,44.3,22.7,303.7,1026.2,11.7,16,4,2022-01-25T07:09:26,2022-01-25T16:56:51
chicago,2022-01-26,-10,-20.2,-15.3,55.3,0,,0,6.4,47.5,22.1,234.2,1031.7,14.1,16,4,2022-01-26T07:08:37,2022-01-26T16:58:07
chicago,2022-01-27,0.6,-9.7,-3.1,58,0,snow,3.3,6.9,59.8,28.8,239.6,1021.7,95.4,15.8,2,2022-01-27T07:07:45,2022-01-27T16:59:24
chicago,2022-01-28,-2.2,-10.6,-6.3,67.6,1.062,snow,2.8,11,42.8,23,338.1,1026.9,78.3,9.1,3,2022-01-28T07:06:52,2022-01-28T17:00:40
chicago,2022-01-29,-5.3,-12.7,-8.5,56.5,0,,0,10.6,36.4,16.1,214.4,1021.8,81,16,3,2022-01-29T07:05:57,2022-01-29T17:01:57
chicago,2022-01-30,-0.4,-9.8,-4.5,64.5,0,snow,0,9,28.8,16.2,331.4,1015.6,61.1,16,3,2022-01-30T07:05:00,2022-01-30T17:03:14
chicago,2022-01-31,1.5,-2.5,-0.5,60.9,0,,0,7.3,45.6,24.1,160,1019.7,89.7,14.7,4,2022-01-31T07:04:01,2022-01-31T17:04:31
chicago,2022-02-01,8,1,4.1,67.5,1.754,"rain,snow",0.5,6.6,57.2,25.6,210.9,1014.4,87.9,14.6,2,2022-02-01T07:03:01,2022-02-01T17:05:49
chicago,2022-02-02,0.7,-7.2,-4.7,75.5,4.674,snow,3,8.7,52,31.4,352.1,1024.6,100,6.7,0,2022-02-02T07:01:59,2022-02-02T17:07:06
chicago,2022-02-03,-3.6,-7.3,-5.1,66.9,0,snow,2,11.6,53.9,36.1,16.1,1030.6,100,15.4,0,2022-02-03T07:00:55,2022-02-03T17:08:24
chicago,2022-02-04,-4,-10.9,-7,66.1,0.068,snow,0,11.2,41.9,25.8,287.7,1028.4,85.5,13.7,3,2022-02-04T06:59:49,2022-02-04T17:09:41
chicago,2022-02-05,-7.2,-14.4,-10.2,61.8,0,,0,9.9,47.4,28.7,216,1030.1,47.4,16,3,2022-02-05T06:58:42,2022-02-05T17:10:58
chicago,2022-02-06,0.8,-7.8,-3.2,63.6,0,snow,0,9,74.9,25.7,207.5,1021.8,46.4,16,3,2022-02-06T06:57:33,2022-02-06T17:12:16
chicago,2022-02-07,-0.1,-7.7,-4.5,67.8,0,snow,0.9,8.2,41.4,23.8,277.2,1022.4,77.6,14.6,4,2022-02-07T06:56:23,2022-02-07T17:13:33
chicago,2022-02-08,4.1,-7.5,-1.6,64.8,0,,0,7.5,42.5,22.5,193.8,1014.5,70.8,15.7,6,2022-02-08T06:55:11,2022-02-08T17:14:50
chicago,2022-02-09,4.9,1,2.9,71,0,"rain,snow",0,6.2,49.7,29.7,251.9,1007.1,80,16,6,2022-02-09T06:53:58,2022-02-09T17:16:07
chicago,2022-02-10,2,-2.3,-0.7,68.3,0.068,snow,0,4.6,49.3,25.7,257.6,1012,97.7,15.7,1,2022-02-10T06:52:43,2022-02-10T17:17:24
chicago,2022-02-11,6.8,-0.9,3,75,3.027,"rain,snow",0.5,3.5,66.7,35.2,250.8,1003.8,95.5,14.4,5,2022-02-11T06:51:27,2022-02-11T17:18:41
chicago,2022-02-12,-1.1,-9.7,-6.9,53.5,0,snow,0,2.3,44.7,29.7,315.7,1026.2,71.4,15.8,7,2022-02-12T06:50:10,2022-02-12T17:19:57
chicago,2022-02-13,-7.1,-10.2,-8.9,53.7,0,snow,0,1.6,38.5,17.9,298,1027,69.5,15.8,7,2022-02-13T06:48:51,2022-02-13T17:21:14
chicago,2022-02-14,-2.8,-9.2,-6.3,55.6,0,,0,1.5,24.1,14.7,217.7,1027.4,90.2,15.9,4,2022-02-14T06:47:31,2022-02-14T17:22:30
chicago,2022-02-15,6.8,-5.1,0,57.1,0,,0.2,1.3,50.2,24.7,143.2,1026.5,77.5,15.8,6,2022-02-15T06:46:09,2022-02-15T17:23:46
chicago,2022-02-16,12.2,7.6,9.9,66,15.225,rain,0,0.9,65.5,38,205.2,1010.5,95.1,14.6,2,2022-02-16T06:44:47,2022-02-16T17:25:01
chicago,2022-02-17,5.8,-7.3,-1.7,75.9,11.194,"rain,snow,ice",2.6,1.3,60.5,36.8,359.6,1014.6,98.7,9.5,1,2022-02-17T06:43:23,2022-02-17T17:26:17
chicago,2022-02-18,-0.3,-12.9,-6.8,59.3,0,snow,2.4,4.1,64.5,39.1,231.1,1019.3,41.1,15.9,7,2022-02-18T06:41:58,2022-02-18T17:27:32
chicago,2022-02-19,-1.9,-11.5,-8,51,0,,0,3.4,74.5,42.5,276.7,1027.5,22.9,16,7,2022-02-19T06:40:32,2022-02-19T17:28:47
chicago,2022-02-20,9.1,-7.9,2.5,58.1,0,,0,1.9,68.7,42.8,208,1015.1,33.9,16,6,2022-02-20T06:39:05,2022-02-20T17:30:01
chicago,2022-02-21,10.3,1.2,5.5,74.8,0,"rain,freezingrain",0,1.3,44.3,19.3,41.1,1013.8,82.7,14.9,5,2022-02-21T06:37:37,2022-02-21T17:31:15
chicago,2022-02-22,10.1,-3.7,2.6,86.4,20.719,"rain,snow",0,1.6,48.9,30.3,336.9,1010.2,100,8.4,1,2022-02-22T06:36:08,2022-02-22T17:32:29
chicago,2022-02-23,-3.6,-8.3,-5.6,62.3,0,snow,0.2,0.7,43.9,26.1,334.9,1031.7,80.7,14.8,6,2022-02-23T06:34:38,2022-02-23T17:33:43
chicago,2022-02-24,-2.1,-4.9,-3,71.2,1.157,"snow,ice",2.3,0.9,40.7,27.6,63.2,1027.6,100,11.4,1,2022-02-24T06:33:07,2022-02-24T17:34:56
chicago,2022-02-25,-0.9,-6.2,-3.3,70.5,1.415,snow,5.3,3.3,34.9,18.7,318.5,1029.5,68.5,12.8,6,2022-02-25T06:31:35,2022-02-25T17:36:09
chicago,2022-02-26,0.3,-9.4,-4.2,65.2,0,,0,1.9,55.4,24.5,238.7,1031.9,7.7,16,7,2022-02-26T06:30:03,2022-02-26T17:37:22
chicago,2022-02-27,6.7,-1.9,1.7,54.9,0,,0,0.8,42.4,26.1,269.9,1024.1,16.7,16,7,2022-02-27T06:28:29,2022-02-27T17:38:35
chicago,2022-02-28,12.3,-1.6,5.1,57,0,,0,0.1,55.2,33.5,203.5,1019.1,60.7,15.9,6,2022-02-28T06:26:55,2022-02-28T17:39:47
chicago,2022-03-01,10.7,2.8,6.3,61.9,0,,0,0,42.5,17.7,152.7,1015.6,83.4,16,4,2022-03-01T06:25:20,2022-03-01T17:40:59
chicago,2022-03-02,15,0.8,6.3,63.3,0.036,rain,0,1.6,42.5,30.8,15.5,1018.5,84.3,15.8,4,2022-03-02T06:23:45,2022-03-02T17:42:10
chicago,2022-03-03,2.3,-1,0.2,54.7,0,snow,0,1.6,49.5,35.7,42.3,1029.3,87.6,16,5,2022-03-03T06:22:08,2022-03-03T17:43:21
chicago,2022-03-04,5.4,-1.5,2.3,52.1,0,,0,0,21.2,20.3,94.4,1028.4,83.9,16,4,2022-03-04T06:20:31,2022-03-04T17:44:32
chicago,2022-03-05,21.1,5,13.7,52.2,0.693,rain,0,0,73.8,40.7,186.3,1011.4,75.6,16,5,2022-03-05T06:18:54,2022-03-05T17:45:43
chicago,2022-03-06,15.8,3.3,6.1,66.6,3.769,"rain,ice",0.3,0.2,81.7,47.3,258.8,1013.1,89.2,15.7,3,2022-03-06T06:17:15,2022-03-06T17:46:53
chicago,2022-03-07,2.6,0.2,1.3,73.8,7.174,"rain,snow",0.7,0.9,44.4,25.6,323.1,1016,100,10.8,2,2022-03-07T06:15:37,2022-03-07T17:48:04
chicago,2022-03-08,4.5,-2.1,1.1,57,0,,0,0.3,31.7,19.1,230.8,1021.8,59.8,16,7,2022-03-08T06:13:58,2022-03-08T17:49:13
chicago,2022-03-09,6,-1.1,2.1,58.2,0,,0.1,0,37.8,22.9,275.9,1017.6,46,16,7,2022-03-09T06:12:18,2022-03-09T17:50:23
chicago,2022-03-10,-0.6,-3.7,-2.6,61.1,0.104,snow,0.2,0.2,31.7,20.3,1,1023.6,93.2,13.2,3,2022-03-10T06:10:38,2022-03-10T17:51:32
chicago,2022-03-11,0,-7.4,-3.7,58.3,0.23,snow,0.6,0.6,55.6,33.7,282.6,1019.2,73.3,12.9,7,2022-03-11T06:08:57,2022-03-11T17:52:42
chicago,2022-03-12,-4.7,-10.9,-7.5,48,0,,0,0.1,48.4,25.8,286.9,1022.2,28.1,16,7,2022-03-12T06:07:16,2022-03-12T17:53:51
chicago,2022-03-13,11.2,-5.8,3.7,50.2,0,snow,0,0,51.1,28.7,231.6,1015.5,45.7,15.9,7,2022-03-13T07:05:35,2022-03-13T18:54:59
chicago,2022-03-14,17.9,4,9.8,54.8,0,,0,0,49.4,26.6,220.3,1019.3,78.8,16,6,2022-03-14T07:03:54,2022-03-14T18:56:08
chicago,2022-03-15,11.3,3.5,6.1,68.4,0,,0,0,32,15.2,49.3,1021.7,48.8,16,6,2022-03-15T07:02:12,2022-03-15T18:57:16
chicago,2022-03-16,21.3,3.5,12.5,59,0,,0,0,47.7,29.3,199.5,1015,52.6,15.5,5,2022-03-16T07:00:30,2022-03-16T18:58:24
chicago,2022-03-17,21.6,10.1,14,57.3,0,rain,0,0,38.2,19.4,47.2,1011.6,66.1,15.9,5,2022-03-17T06:58:48,2022-03-17T18:59:32
chicago,2022-03-18,9.5,5.5,6.8,77.2,13.857,rain,0,0,53.6,34.7,26.9,1009.4,93,12.1,1,2022-03-18T06:57:05,2022-03-18T19:00:40
chicago,2022-03-19,6.6,3.7,4.9,85.9,3.958,"rain,snow",0,0,55.4,26.9,331,1008.5,92.3,12.7,1,2022-03-19T06:55:22,2022-03-19T19:01:47
chicago,2022-03-20,17.1,1.6,9.3,57.5,0,,0,0,32.8,19,243.3,1019.4,17.1,15.9,7,2022-03-20T06:53:40,2022-03-20T19:02:55
chicago,2022-03-21,23.9,7.1,15.4,45.1,0,,0,0,43.7,25.6,208.1,1018,76.9,16,6,2022-03-21T06:51:57,2022-03-21T19:04:02
chicago,2022-03-22,14.2,9.2,12.1,68.7,1.451,rain,0,0,52.8,35.9,122.3,1011.3,96.9,15.1,1,2022-03-22T06:50:14,2022-03-22T19:05:09
chicago,2022-03-23,15,7.4,11.6,87.9,14.345,rain,0,0,53.6,26.3,180.5,998.4,99.7,9.1,2,2022-03-23T06:48:31,2022-03-23T19:06:16
chicago,2022-03-24,7.2,4.3,6.3,85.8,3.803,rain,0,0,47.1,26.7,243.4,1004.8,100,12,1,2022-03-24T06:46:48,2022-03-24T19:07:23
chicago,2022-03-25,8.9,2.9,5.7,71.1,0.435,"rain,snow",0,0,68.4,39,280.7,1006.7,96.4,15.3,4,2022-03-25T06:45:05,2022-03-25T19:08:30
chicago,2022-03-26,2.4,-1.6,0.1,58.5,0,snow,0,0,51.1,32.4,312,1011.9,95.4,15.8,2,2022-03-26T06:43:23,2022-03-26T19:09:37
chicago,2022-03-27,2.4,-4.3,-1.6,47.8,0,,0,0,48.5,28.8,349.2,1022,19,16,7,2022-03-27T06:41:40,2022-03-27T19:10:43
chicago,2022-03-28,1.4,-4,-1.6,45.9,0,snow,0,0,35.9,21,35,1026.4,42.9,16,7,2022-03-28T06:39:57,2022-03-28T19:11:50
chicago,2022-03-29,6.8,-1.1,2.7,45.6,0,,0,0,51,31.3,116,1020.6,98.1,16,3,2022-03-29T06:38:15,2022-03-29T19:12:56
chicago,2022-03-30,16.5,6.9,12.3,72.2,22.331,rain,0,0,49.5,29.9,173.6,997,97.5,11.9,1,2022-03-30T06:36:33,2022-03-30T19:14:03
chicago,2022-03-31,14.2,2,4.7,82.2,11.799,"rain,snow",0,0,39.6,23.6,291.2,996.5,100,11.9,3,2022-03-31T06:34:51,2022-03-31T19:15:09
chicago,2022-04-01,7.1,0.5,3,63.2,0.092,snow,0,0,36.4,21.2,325.8,1016.3,65.5,15,9,2022-04-01T06:33:09,2022-04-01T19:16:15
chicago,2022-04-02,6.3,1,3.3,74.3,6.215,"rain,snow",0.6,0.2,38.5,23.4,213.9,1016.2,78.5,14.2,1,2022-04-02T06:31:27,2022-04-02T19:17:22
chicago,2022-04-03,8.6,0.8,4.9,77.3,0.399,"rain,freezingrain",0,0.1,29.9,16.3,79,1017.2,70.3,14.3,8,2022-04-03T06:29:46,2022-04-03T19:18:28
chicago,2022-04-04,11.7,5.2,8.1,73.8,4.771,rain,0,0,45.5,28.7,234.5,1011.3,90.8,14.5,3,2022-04-04T06:28:05,2022-04-04T19:19:34
chicago,2022-04-05,12.1,3.7,8,73.5,0,rain,0,0,31.7,21.5,93.4,1007.1,87.3,12.9,4,2022-04-05T06:26:25,2022-04-05T19:20:40
chicago,2022-04-06,14.1,8.3,11.1,69,15.091,rain,0,0,63.2,36.4,232,999.7,94.9,13.8,8,2022-04-06T06:24:44,2022-04-06T19:21:47
chicago,2022-04-07,7.5,5.3,6.2,68.3,1.309,"rain,snow",0,0,58.1,33.9,241.8,1000.9,99.9,15.8,2,2022-04-07T06:23:05,2022-04-07T19:22:53
chicago,2022-04-08,5.2,1.8,3.8,83,5.219,"rain,snow",0.2,0.1,35.3,19.6,305,1004.7,96.8,12.5,2,2022-04-08T06:21:25,2022-04-08T19:23:59
chicago,2022-04-09,9.3,0.9,4.2,64,0,snow,0,0,38.9,24.7,321.6,1010.9,68.1,15.3,3,2022-04-09T06:19:47,2022-04-09T19:25:05
chicago,2022-04-10,17.2,1.3,10.1,49.6,0,,0,0,58.1,35.5,149.3,1010.7,58.1,16,8,2022-04-10T06:18:08,2022-04-10T19:26:11
chicago,2022-04-11,16.6,10.3,14,45.6,0,rain,0,0,52.4,26.9,239,1008.2,66.9,16,4,2022-04-11T06:16:31,2022-04-11T19:27:18
chicago,2022-04-12,21.3,6,14.8,55.6,0,rain,0,0,56.6,35.7,147.1,1011.8,55.2,15.8,7,2022-04-12T06:14:54,2022-04-12T19:28:24
chicago,2022-04-13,21.7,7.8,17.9,78.3,12.003,rain,0,0,79.9,40.9,212.1,1000.4,96.8,13.7,4,2022-04-13T06:13:17,2022-04-13T19:29:30
chicago,2022-04-14,11.5,2.7,7.3,48.9,1.408,rain,0,0,90.5,54.4,248,1010.2,32.3,16,8,2022-04-14T06:11:41,2022-04-14T19:30:36
chicago,2022-04-15,12.4,6.2,8.5,40.1,0.721,rain,0,0,56.9,31.6,255.2,1013.4,89,16,6,2022-04-15T06:10:06,2022-04-15T19:31:43
chicago,2022-04-16,9.6,1.4,5,50.2,0,,0,0,44.2,28.6,310.7,1019.8,61.2,16,7,2022-04-16T06:08:31,2022-04-16T19:32:49
chicago,2022-04-17,5.5,0.7,3.6,58.8,0,snow,0,0,32.9,24.4,57.7,1025.6,64.5,16,7,2022-04-17T06:06:58,2022-04-17T19:33:55
chicago,2022-04-18,5.5,1.4,3.2,76.3,3.41,"rain,snow",1.1,0.4,59.1,35.8,294.2,1019.6,99.2,12.5,1,2022-04-18T06:05:25,2022-04-18T19:35:01
chicago,2022-04-19,9.8,3.1,5.9,58.5,0,,0,0,53.6,23.2,317,1021.9,89.2,16,5,2022-04-19T06:03:52,2022-04-19T19:36:07
chicago,2022-04-20,12.1,5.9,9,60.8,4.121,rain,0,0,56.4,30,155,1019.5,98.3,15.1,1,2022-04-20T06:02:21,2022-04-20T19:37:14
chicago,2022-04-21,20.7,10.8,14.8,63.2,2.055,rain,0,0,50.7,30.3,256.4,1020.1,51.9,13.7,9,2022-04-21T06:00:50,2022-04-21T19:38:20
chicago,2022-04-22,14.2,9.4,11.3,69.9,16.883,rain,0,0,51.8,27.3,81.5,1025.6,89.4,14.3,1,2022-04-22T05:59:21,2022-04-22T19:39:26
chicago,2022-04-23,28.9,11.6,21.4,57.8,0,,0,0,78.4,43,184.7,1012.4,63.5,16,6,2022-04-23T05:57:52,2022-04-23T19:40:32
chicago,2022-04-24,23.6,16.2,20.9,63,4.758,rain,0,0,59.4,34.7,213.5,1008.7,87.6,15.7,2,2022-04-24T05:56:24,2022-04-24T19:41:38
chicago,2022-04-25,15,5.9,10.7,51.6,0,rain,0,0,50.9,34,271.5,1017.2,92.3,16,4,2022-04-25T05:54:58,2022-04-25T19:42:44
chicago,2022-04-26,11.1,3.9,6.5,52.7,0,,0,0,47.6,27.6,294.2,1025,76.4,16,3,2022-04-26T05:53:32,2022-04-26T19:43:50
chicago,2022-04-27,5.4,2,3.7,58.9,0,rain,0.1,0,36.7,26.8,43.2,1027.5,70.9,16,7,2022-04-27T05:52:07,2022-04-27T19:44:56
chicago,2022-04-28,10.5,3.6,8,63.5,0.196,rain,0,0,44.6,22.2,94.4,1023.6,98.2,16,3,2022-04-28T05:50:44,2022-04-28T19:46:02
chicago,2022-04-29,19.8,10.1,14.1,46.4,0.229,rain,0,0,46.4,32.1,114.3,1017.9,98.6,16,4,2022-04-29T05:49:21,2022-04-29T19:47:08
chicago,2022-04-30,21.1,11.8,16,65.7,23.006,rain,0,0,65.7,35.1,134.3,1008.6,93.7,15,4,2022-04-30T05:48:00,2022-04-30T19:48:13
chicago,2022-05-01,15.5,10.8,12.1,68.7,0,rain,0,0,51,32.3,237.3,1008.5,93.5,16,1,2022-05-01T05:46:40,2022-05-01T19:49:19
chicago,2022-05-02,12.6,9.7,10.9,65.2,0,,0,0,39.8,24.5,257.3,1016.6,97.8,16,2,2022-05-02T05:45:21,2022-05-02T19:50:24
chicago,2022-05-03,10.8,7.2,8.8,85.6,29.062,rain,0,0,54.1,33.8,29.4,1011.9,100,7.1,1,2022-05-03T05:44:03,2022-05-03T19:51:29
chicago,2022-05-04,13.5,5.2,9,71,0,,0,0,51.5,26.1,29.1,1022.2,76.9,16,9,2022-05-04T05:42:47,2022-05-04T19:52:34
chicago,2022-05-05,11.6,6.8,9.8,76.8,4.753,rain,0,0,34.9,18.1,53.4,1018.2,96.1,12.5,2,2022-05-05T05:41:32,2022-05-05T19:53:38
chicago,2022-05-06,11.5,9.9,10.6,81.4,9.369,rain,0,0,59.3,38.7,39.8,1008.9,99,7.9,1,2022-05-06T05:40:18,2022-05-06T19:54:43
chicago,2022-05-07,18,8.7,13.3,40.6,0,,0,0,42.1,24.8,37.6,1014.3,17.2,16,9,2022-05-07T05:39:06,2022-05-07T19:55:47
chicago,2022-05-08,19.4,7.6,14.6,48.8,0,,0,0,45.3,26,131.7,1014.6,62.6,16,6,2022-05-08T05:37:55,2022-05-08T19:56:51
chicago,2022-05-09,28.6,13.9,21.6,49.6,0,,0,0,67,39.9,156.4,1011.7,43.2,16,7,2022-05-09T05:36:45,2022-05-09T19:57:54
chicago,2022-05-10,32.8,21.4,26.8,61,0,rain,0,0,48.4,27.7,184.4,1015.2,56.5,16,7,2022-05-10T05:35:38,2022-05-10T19:58:57
chicago,2022-05-11,32.4,24.6,28,64.7,0,rain,0,0,33.5,24,135.8,1018.1,74.9,15.4,6,2022-05-11T05:34:31,2022-05-11T20:00:00
chicago,2022-05-12,33.9,23.9,29.1,46.2,0,,0,0,46.5,26.3,164.1,1016.5,43.2,15.1,8,2022-05-12T05:33:26,2022-05-12T20:01:02
chicago,2022-05-13,33.1,21.5,27.7,33.6,0,,0,0,39.2,20.7,168.4,1013.1,45.9,16,9,2022-05-13T05:32:23,2022-05-13T20:02:04
chicago,2022-05-14,29,20.6,24.8,50.8,0,,0,0,27.7,14.5,59.3,1011.9,61.8,16,9,2022-05-14T05:31:21,2022-05-14T20:03:05
chicago,2022-05-15,25.2,16.4,21.1,52.1,0.559,rain,0,0,33.5,19.8,270,1011.7,81.2,16,7,2022-05-15T05:30:21,2022-05-15T20:04:06
chicago,2022-05-16,25.8,13.5,20.2,46.1,0,,0,0,48.1,29.5,287.5,1010.4,37,16,10,2022-05-16T05:29:23,2022-05-16T20:05:07
chicago,2022-05-17,18.9,12.1,15.4,46.4,0,,0,0,42.8,21.7,64.1,1016.2,54.8,16,9,2022-05-17T05:28:26,2022-05-17T20:06:06
chicago,2022-05-18,16.9,12.8,14.6,73.6,8.005,rain,0,0,22.3,18.6,52.8,1010.5,98.8,13.4,1,2022-05-18T05:27:31,2022-05-18T20:07:05
chicago,2022-05-19,30.4,13.2,22,62.6,0.22,rain,0,0,55.4,29,192.7,1002.7,70.6,11.7,7,2022-05-19T05:26:38,2022-05-19T20:08:04
chicago,2022-05-20,31,18.2,23.8,67.2,0.86,rain,0,0,69,38.5,215.7,998,88,15.9,4,2022-05-20T05:25:46,2022-05-20T20:09:01
chicago,2022-05-21,17.2,13.4,15.7,77.1,18.124,rain,0,0,44.6,21.3,315.8,1014.1,96.8,15.1,1,2022-05-21T05:24:56,2022-05-21T20:09:58
chicago,2022-05-22,18,11.2,14.6,49.9,0,rain,0,0,36.8,21.4,332.7,1023.7,81.4,16,6,2022-05-22T05:24:08,2022-05-22T20:10:54
chicago,2022-05-23,16.3,8.8,13.1,49.3,0,,0,0,42.7,27.7,54.5,1026.9,51.6,16,9,2022-05-23T05:23:22,2022-05-23T20:11:50
chicago,2022-05-24,18.8,10.6,14.7,53.8,0,,0,0,39.2,29.7,58,1022.5,83.1,16,9,2022-05-24T05:22:38,2022-05-24T20:12:44
chicago,2022-05-25,27,13.9,19.9,70,4.048,rain,0,0,54.2,22.2,130.5,1012.2,91.8,14.1,2,2022-05-25T05:21:56,2022-05-25T20:13:37
chicago,2022-05-26,25.7,18.9,22.7,71.5,8.96,rain,0,0,54.5,22.3,186.9,1006.9,87.5,15.9,2,2022-05-26T05:21:16,2022-05-26T20:14:30
chicago,2022-05-27,18.6,12,14.8,79.6,3.355,rain,0,0,56.8,32.8,3.6,1008.9,83.1,15.1,3,2022-05-27T05:20:37,2022-05-27T20:15:21
chicago,2022-05-28,24.1,10.8,18.4,62,0,rain,0,0,46.4,21.9,182.3,1012.1,54.5,16,8,2022-05-28T05:20:01,2022-05-28T20:16:12
chicago,2022-05-29,29.9,18,24,56.2,0,,0,0,55.7,34.1,181.4,1008.7,63.6,16,7,2022-05-29T05:19:26,2022-05-29T20:17:01
chicago,2022-05-30,32.3,22.4,27.5,47.8,0,,0,0,60.5,35.3,191.7,1009.1,70.4,16,8,2022-05-30T05:18:54,2022-05-30T20:17:49
chicago,2022-05-31,31.1,24.1,27.8,55.2,0,,0,0,49.3,28.5,216.2,1010.8,74.2,16,4,2022-05-31T05:18:23,2022-05-31T20:18:36
chicago,2022-06-01,26.8,16.4,21,67.5,4.231,rain,0,0,46.4,19.1,39.2,1013.2,84.6,15.6,3,2022-06-01T05:17:55,2022-06-01T20:19:22
chicago,2022-06-02,25.7,15.5,20.5,50.6,0.52,rain,0,0,40.7,22.4,316.8,1012.3,40,15.9,10,2022-06-02T05:17:28,2022-06-02T20:20:07
chicago,2022-06-03,27.8,16.9,22.3,33,0,,0,0,47.7,28,276.5,1012.4,16.5,16,9,2022-06-03T05:17:04,2022-06-03T20:20:50
chicago,2022-06-04,20.8,15,18.1,46.3,0,rain,0,0,33.8,17.1,61.7,1014.8,76.4,16,1,2022-06-04T05:16:42,2022-06-04T20:21:32
chicago,2022-06-05,25.5,16.4,20.6,49.8,0.068,rain,0,0,31,17.5,79.2,1010.3,83.8,16,9,2022-06-05T05:16:21,2022-06-05T20:22:12
chicago,2022-06-06,24,15.9,20.7,69.1,7.849,rain,0,0,42.5,22.8,235.7,1005.7,89.3,14.3,2,2022-06-06T05:16:03,2022-06-06T20:22:51
chicago,2022-06-07,21.4,14.2,16.8,72.1,2.042,rain,0,0,38.9,24.4,39.6,1011.4,67.5,16,3,2022-06-07T05:15:47,2022-06-07T20:23:28
chicago,2022-06-08,21.4,14.5,16.9,71.6,12.698,rain,0,0,43.9,23.7,72.1,1011.3,84.8,15.2,2,2022-06-08T05:15:33,2022-06-08T20:24:04
chicago,2022-06-09,26.4,12.2,19.3,58.7,0,rain,0,0,39.4,24.8,291.7,1013.7,62.5,15.7,9,2022-06-09T05:15:21,2022-06-09T20:24:39
chicago,2022-06-10,25.8,15.3,19.8,57.9,1.133,rain,0,0,45.5,22.4,242,1012.4,75.5,16,8,2022-06-10T05:15:11,2022-06-10T20:25:11
chicago,2022-06-11,23.7,15.7,20.1,72,0,,0,0,31.3,18.9,217.8,1009.5,88.6,15.3,4,2022-06-11T05:15:03,2022-06-11T20:25:43
chicago,2022-06-12,21.3,15.9,18.9,72.3,0.196,rain,0,0,36.7,22.7,35.7,1009.9,76.2,15.1,3,2022-06-12T05:14:57,2022-06-12T20:26:12
chicago,2022-06-13,33,15.9,24,64.1,5.607,rain,0,0,85.4,28.9,98.6,1009.6,76.9,15.8,8,2022-06-13T05:14:53,2022-06-13T20:26:40
chicago,2022-06-14,37.4,22.5,31,61,0.683,rain,0,0,46.2,30.3,212.2,1008.7,19.3,15.5,9,2022-06-14T05:14:51,2022-06-14T20:27:05
chicago,2022-06-15,36.7,28.4,32.5,48.3,0,,0,0,65,38.9,216.3,1009.6,51,15.9,8,2022-06-15T05:14:52,2022-06-15T20:27:30
chicago,2022-06-16,35.4,23.7,29.9,48,2.76,rain,0,0,60.2,37.7,251.7,1011.6,36.9,15.5,9,2022-06-16T05:14:54,2022-06-16T20:27:52
chicago,2022-06-17,30.2,21.7,26,42.6,0,,0,0,38.9,26.7,330.5,1015.2,35,16,9,2022-06-17T05:14:58,2022-06-17T20:28:12
chicago,2022-06-18,22.7,15.4,19.6,42.5,0,,0,0,35.3,21.7,32.9,1022.9,17.4,16,10,2022-06-18T05:15:05,2022-06-18T20:28:31
chicago,2022-06-19,30.5,13.5,22.4,39.6,0,,0,0,31.1,20.3,207,1022.3,46.9,16,9,2022-06-19T05:15:13,2022-06-19T20:28:47
chicago,2022-06-20,35.3,19.7,27.7,38.5,0,,0,0,37.1,23.9,221.3,1018.2,32.3,16,9,2022-06-20T05:15:23,2022-06-20T20:29:02
chicago,2022-06-21,37.8,23.2,31.1,45.1,0,,0,0,48,30.9,234.8,1015.6,11.7,16,9,2022-06-21T05:15:35,2022-06-21T20:29:15
chicago,2022-06-22,32.3,25.3,29.1,41,0,rain,0,0,42.5,27.6,316.6,1015.8,52.9,16,9,2022-06-22T05:15:49,2022-06-22T20:29:26
chicago,2022-06-23,28.7,20.8,25.1,43.6,0,,0,0,31.7,18.1,80.2,1016.4,29.5,16,10,2022-06-23T05:16:05,2022-06-23T20:29:34
chicago,2022-06-24,33.3,20.2,27.1,37.6,0,,0,0,29.5,18.5,136.2,1015.5,41.5,16,9,2022-06-24T05:16:23,2022-06-24T20:29:41
chicago,2022-06-25,26.4,20.3,23.8,60.5,7.676,rain,0,0,55.4,29.1,186.7,1014.2,75.7,15.5,1,2022-06-25T05:16:43,2022-06-25T20:29:46
chicago,2022-06-26,27.3,21.1,24.3,56.8,0,,0,0,48.1,30.3,299.9,1016.2,70,15.9,10,2022-06-26T05:17:04,2022-06-26T20:29:48
chicago,2022-06-27,26.3,16.8,21.4,42.8,0,,0,0,39.6,23.5,335.6,1022.3,16.6,16,9,2022-06-27T05:17:27,2022-06-27T20:29:49
chicago,2022-06-28,30.2,16.7,24,41.4,0,,0,0,42,22.2,219.6,1021.5,26.5,16,9,2022-06-28T05:17:52,2022-06-28T20:29:47
chicago,2022-06-29,31.1,20.5,25.6,50.6,0.536,rain,0,0,37.1,18.6,174.7,1019.8,38.3,16,9,2022-06-29T05:18:19,2022-06-29T20:29:44
chicago,2022-06-30,33.6,23.4,28.7,44.3,0,,0,0,49.8,30.4,216.6,1015.9,46.5,16,7,2022-06-30T05:18:47,2022-06-30T20:29:38
chicago,2022-07-01,28.3,21.6,24.7,53.6,0,rain,0,0,42.8,22.6,203.1,1013.3,76.1,16,6,2022-07-01T05:19:17,2022-07-01T20:29:30
chicago,2022-07-02,29.5,18.5,24.9,46,0,,0,0,27.7,17.5,82.9,1016.4,54.4,15.6,7,2022-07-02T05:19:49,2022-07-02T20:29:20
chicago,2022-07-03,30.4,20.8,26.5,44.8,0,,0,0,29.5,17.5,90.9,1018.8,33.5,16,9,2022-07-03T05:20:22,2022-07-03T20:29:08
chicago,2022-07-04,30.9,22.5,26.6,58.1,4.015,rain,0,0,46.6,26.7,183.2,1015.7,57.2,15.3,6,2022-07-04T05:20:56,2022-07-04T20:28:54
chicago,2022-07-05,34.1,23.1,27.7,72.7,31.971,rain,0,0,60.8,25.6,305.8,1010.5,81.1,14.9,8,2022-07-05T05:21:32,2022-07-05T20:28:37
chicago,2022-07-06,26.5,21.6,23.8,77.9,7.961,rain,0,0,38.9,22.3,27,1013.5,88.9,14.8,2,2022-07-06T05:22:10,2022-07-06T20:28:19
chicago,2022-07-07,29.7,21.4,25.5,69.8,0,rain,0,0,35.3,22.2,77.3,1015.2,80.9,15.6,7,2022-07-07T05:22:49,2022-07-07T20:27:58
chicago,2022-07-08,25.9,21.4,24.3,76.1,0.131,rain,0,0,39.6,25.4,52.1,1015.6,92,15.3,1,2022-07-08T05:23:29,2022-07-08T20:27:36
chicago,2022-07-09,25.2,20.2,22.8,58.5,0,,0,0,37.1,25,45.1,1020.3,27.2,16,9,2022-07-09T05:24:10,2022-07-09T20:27:11
chicago,2022-07-10,30.1,17,24.5,51.1,0,,0,0,35.3,16.9,219.5,1017.4,29,16,9,2022-07-10T05:24:53,2022-07-10T20:26:44
chicago,2022-07-11,30.4,22.6,26.1,61.9,0.068,rain,0,0,45.7,25.4,229.8,1008.4,70,16,3,2022-07-11T05:25:37,2022-07-11T20:26:15
chicago,2022-07-12,30.2,21.5,26.1,50.3,0,,0,0,45.4,23.8,297.7,1009.9,27.3,16,9,2022-07-12T05:26:22,2022-07-12T20:25:45
chicago,2022-07-13,27.7,20.9,23.9,60.1,0,rain,0,0,37.1,23.4,355.1,1014.5,42.6,16,9,2022-07-13T05:27:08,2022-07-13T20:25:12
chicago,2022-07-14,26.7,17.4,22.5,60.2,0,,0,0,30.6,15.7,22.1,1019.7,24.1,16,9,2022-07-14T05:27:56,2022-07-14T20:24:37
chicago,2022-07-15,23.4,20.2,21.5,80,16.892,rain,0,0,35.3,15.5,179.5,1018.5,88.4,13.6,1,2022-07-15T05:28:44,2022-07-15T20:24:00
chicago,2022-07-16,24.8,21,22.6,79.5,0,rain,0,0,36.4,21.4,46.4,1014.6,96.3,13.4,2,2022-07-16T05:29:33,2022-07-16T20:23:21
chicago,2022-07-17,25.1,21.7,23.3,80.6,34.42,rain,0,0,33.1,19.8,23.6,1010.8,93.9,14,1,2022-07-17T05:30:23,2022-07-17T20:22:40
chicago,2022-07-18,31.9,21.6,26.9,58,0,,0,0,23.8,14.4,312.2,1011.2,42.2,16,9,2022-07-18T05:31:15,2022-07-18T20:21:57
chicago,2022-07-19,32.5,22.7,27.9,59,0,,0,0,52.6,30.6,216.5,1009.4,37.5,16,9,2022-07-19T05:32:07,2022-07-19T20:21:12
chicago,2022-07-20,30.6,25.8,28.3,58.5,0,rain,0,0,57.5,35.5,251.7,1002.9,55.9,16,9,2022-07-20T05:33:00,2022-07-20T20:20:26
chicago,2022-07-21,33.9,21.7,28.4,52,0,,0,0,50.8,32.4,262.8,1006.9,25.3,16,9,2022-07-21T05:33:53,2022-07-21T20:19:37
chicago,2022-07-22,33,21.3,27.9,47.8,0,,0,0,44.6,24.4,244.7,1012.4,46.5,16,9,2022-07-22T05:34:47,2022-07-22T20:18:47
chicago,2022-07-23,30.8,21.6,26.1,68.9,26.964,rain,0,0,63.1,36.8,193.9,1012.5,75.9,15.4,6,2022-07-23T05:35:43,2022-07-23T20:17:54
chicago,2022-07-24,30.3,23.6,27,68.9,8.271,rain,0,0,50.5,33.3,240.3,1010,80.9,15.2,4,2022-07-24T05:36:38,2022-07-24T20:17:00
chicago,2022-07-25,24.9,20,22.8,60.1,0,,0,0,30.2,18.9,57.9,1016,59.2,16,9,2022-07-25T05:37:34,2022-07-25T20:16:05
chicago,2022-07-26,27.6,19.8,23.6,56.1,0,,0,0,33.5,16.9,127.6,1014.8,69.3,16,8,2022-07-26T05:38:31,2022-07-26T20:15:07
chicago,2022-07-27,28.7,21.9,25,69.6,10.865,rain,0,0,66.6,20.7,260.5,1010.7,74.4,15.6,8,2022-07-27T05:39:29,2022-07-27T20:14:08
chicago,2022-07-28,27.6,21.8,24.2,55.5,0.131,rain,0,0,40.3,23.3,277.5,1011.7,64.8,16,9,2022-07-28T05:40:27,2022-07-28T20:13:07
chicago,2022-07-29,27.8,17.8,23.3,53.2,0,,0,0,35.3,23.6,299.8,1016.1,34.4,16,10,2022-07-29T05:41:25,2022-07-29T20:12:04
chicago,2022-07-30,28.3,18.7,24.4,53.6,0,,0,0,23.4,16.9,232.9,1020.4,37.9,16,7,2022-07-30T05:42:24,2022-07-30T20:11:00
chicago,2022-07-31,29.5,20,25.7,53.9,0,rain,0,0,42.7,22.3,210,1016.8,48.6,16,8,2022-07-31T05:43:23,2022-07-31T20:09:54
chicago,2022-08-01,30.5,23.6,26.7,61.3,0,rain,0,0,41.4,27,258.6,1010,65,15.9,6,2022-08-01T05:44:23,2022-08-01T20:08:47
chicago,2022-08-02,31.9,21.2,26.8,59.1,0,,0,0,43.5,24.3,196.2,1012.6,29.7,16,5,2022-08-02T05:45:23,2022-08-02T20:07:38
chicago,2022-08-03,33.8,24.7,27.9,66.5,2.043,rain,0,0,62.8,31.8,220.3,1008.8,70.4,15.9,4,2022-08-03T05:46:23,2022-08-03T20:06:28
chicago,2022-08-04,28.7,23.1,25.3,73.8,0,rain,0,0,46.1,22.6,21.8,1014.1,81.6,16,4,2022-08-04T05:47:23,2022-08-04T20:05:16
chicago,2022-08-05,30.8,22,26.6,68.7,0,rain,0,0,31.7,17.3,89.7,1017.2,39.8,16,8,2022-08-05T05:48:24,2022-08-05T20:04:03
chicago,2022-08-06,34.4,24.4,29.6,66,0,,0,0,40.6,23.7,207.8,1016.5,41.2,15.5,6,2022-08-06T05:49:25,2022-08-06T20:02:48
chicago,2022-08-07,29.5,25.3,27,77.6,3.534,rain,0,0,44.3,18.1,222.2,1016.1,89,15.7,1,2022-08-07T05:50:26,2022-08-07T20:01:32
chicago,2022-08-08,27.4,20.1,24.3,80.9,3.939,rain,0,0,50.8,26.4,285.4,1013.3,93.7,14.8,2,2022-08-08T05:51:28,2022-08-08T20:00:14
chicago,2022-08-09,24.8,18.1,21.7,63.8,0,,0,0,32.2,23.3,32,1018.5,47.7,16,9,2022-08-09T05:52:29,2022-08-09T19:58:56
chicago,2022-08-10,29.2,16.8,23.8,58.1,0,rain,0,0,21.6,14.4,337,1019.8,16.4,16,5,2022-08-10T05:53:31,2022-08-10T19:57:36
chicago,2022-08-11,26.1,19.9,23.8,55.2,0,,0,0,47.9,28.9,29.5,1020.4,42.5,16,3,2022-08-11T05:54:33,2022-08-11T19:56:14
chicago,2022-08-12,26.1,17,22,56.7,0,,0,0,33.5,15.3,24,1022.2,67.6,16,2,2022-08-12T05:55:35,2022-08-12T19:54:52
chicago,2022-08-13,26.3,20.4,23.7,52.5,0,,0,0,46.7,27.3,180.9,1017,86.5,16,5,2022-08-13T05:56:37,2022-08-13T19:53:28
chicago,2022-08-14,25.7,20.8,22.5,72.1,0,rain,0,0,38.5,26.7,35.3,1012.4,90.5,16,2,2022-08-14T05:57:39,2022-08-14T19:52:04
chicago,2022-08-15,26.4,20.9,23.1,63.1,0,rain,0,0,42.5,22.4,43,1016.7,70.5,16,9,2022-08-15T05:58:41,2022-08-15T19:50:38
chicago,2022-08-16,27.8,18.4,23.2,57.1,0,,0,0,38.9,24.6,33.4,1018.4,28.1,15.9,9,2022-08-16T05:59:43,2022-08-16T19:49:11
chicago,2022-08-17,27.9,17.9,23.2,61.4,0,,0,0,33.5,17.3,37.3,1018.8,32.1,16,8,2022-08-17T06:00:45,2022-08-17T19:47:43
chicago,2022-08-18,29.3,17.7,24,56.2,0,,0,0,33.5,20.5,242.9,1015.6,37.6,16,8,2022-08-18T06:01:47,2022-08-18T19:46:14
chicago,2022-08-19,29.6,20.5,25.6,53.5,0,,0,0,45.2,22.7,195.5,1013.2,55.6,16,8,2022-08-19T06:02:50,2022-08-19T19:44:44
chicago,2022-08-20,25.5,19.6,22.5,75.9,14.6,rain,0,0,39.6,22.6,202.2,1013.6,87.8,14.6,2,2022-08-20T06:03:52,2022-08-20T19:43:13
chicago,2022-08-21,26.4,20.5,22.9,76.4,7.521,rain,0,0,33.5,22.6,17.3,1014.2,72.3,13.6,4,2022-08-21T06:04:54,2022-08-21T19:41:41
chicago,2022-08-22,27.8,18.4,23.2,65.7,0,rain,0,0,27.7,17.7,31.2,1016.2,33.1,15.9,8,2022-08-22T06:05:56,2022-08-22T19:40:09
chicago,2022-08-23,28.9,18.3,24,56.6,0,,0,0,23.4,13.1,1.7,1015.3,46.4,16,8,2022-08-23T06:06:58,2022-08-23T19:38:35
chicago,2022-08-24,29.4,19.7,25.1,53.7,0,,0,0,21.2,18.1,243.4,1016.7,28.1,16,4,2022-08-24T06:08:00,2022-08-24T19:37:01
chicago,2022-08-25,27.3,20.1,23.3,72,6.133,rain,0,0,38.5,18.7,233.1,1014.8,86.9,15.1,1,2022-08-25T06:09:03,2022-08-25T19:35:26
chicago,2022-08-26,25.6,19.7,22.5,70.2,0,,0,0,32,19.9,25.9,1017.1,65.8,16,9,2022-08-26T06:10:05,2022-08-26T19:33:50
chicago,2022-08-27,28,16.9,22.6,65.9,0,,0,0,30.2,16.5,102.6,1016.5,44.7,16,9,2022-08-27T06:11:07,2022-08-27T19:32:13
chicago,2022-08-28,32.1,21.4,26.6,63.9,2,rain,0,0,51.8,26.2,186.8,1010.4,68.9,15.6,8,2022-08-28T06:12:09,2022-08-28T19:30:36
chicago,2022-08-29,29.7,22.2,25.6,72.2,8.331,rain,0,0,55.4,24.2,222.1,1009.4,61.4,15.6,4,2022-08-29T06:13:11,2022-08-29T19:28:58
chicago,2022-08-30,26.9,20.1,23.8,54.3,2.245,rain,0,0,51.7,29.3,282.5,1013.1,25.5,16,5,2022-08-30T06:14:13,2022-08-30T19:27:19
chicago,2022-08-31,29.7,17.5,24,54.7,0,,0,0,37.4,23.1,276,1015.7,9.1,16,4,2022-08-31T06:15:15,2022-08-31T19:25:40
chicago,2022-09-01,31.4,20.7,26.2,57.1,0,,0,0,33.7,20.9,236.3,1015.8,38.3,16,4,2022-09-01T06:16:17,2022-09-01T19:24:00
chicago,2022-09-02,30.3,22.1,26.4,57.9,0,,0,0,40.6,23.9,195.1,1016.2,76.5,16,8,2022-09-02T06:17:18,2022-09-02T19:22:20
chicago,2022-09-03,31.3,21.8,25.1,66.1,0,rain,0,0,42.5,24.4,333.5,1018,62.5,16,4,2022-09-03T06:18:20,2022-09-03T19:20:39
chicago,2022-09-04,23.2,21.3,22.2,77.7,2.678,rain,0,0,38.9,25.6,32.1,1018.4,99.4,15.8,1,2022-09-04T06:19:22,2022-09-04T19:18:58
chicago,2022-09-05,22.1,20.3,21.2,76.3,0.196,rain,0,0,29.5,20.7,31.9,1018,100,16,1,2022-09-05T06:20:24,2022-09-05T19:17:16
chicago,2022-09-06,26.3,20.4,23,72,0,rain,0,0,21.6,16.3,37.3,1019.2,81,15.9,2,2022-09-06T06:21:26,2022-09-06T19:15:34
chicago,2022-09-07,27.4,19.2,23.1,63.5,0,rain,0,0,29.5,18.7,29,1019.5,45.6,15.9,8,2022-09-07T06:22:27,2022-09-07T19:13:51
chicago,2022-09-08,29.1,17.7,23.6,55.2,0,,0,0,26.3,13.3,183.3,1014.7,18.6,16,8,2022-09-08T06:23:29,2022-09-08T19:12:08
chicago,2022-09-09,29.6,18,23.8,53.2,0,,0,0,40.7,19.8,184.1,1012.9,4.1,16,8,2022-09-09T06:24:31,2022-09-09T19:10:25
chicago,2022-09-10,29.4,18.7,24.3,57.4,0,,0,0,27.7,17,220.3,1015.5,51.4,16,8,2022-09-10T06:25:33,2022-09-10T19:08:42
chicago,2022-09-11,23,16.1,19.8,81.7,35.167,rain,0,0,49,29.6,334,1012.1,91.6,13.5,1,2022-09-11T06:26:34,2022-09-11T19:06:58
chicago,2022-09-12,18.5,13.2,15.6,75.6,0.851,rain,0,0,45,24.3,272.7,1008.4,93.4,14.4,1,2022-09-12T06:27:36,2022-09-12T19:05:14
chicago,2022-09-13,25.9,15.4,20.3,70.4,0.068,rain,0,0,31.7,17.3,315,1011.6,69.2,15.8,2,2022-09-13T06:28:38,2022-09-13T19:03:30
chicago,2022-09-14,26.2,14.7,20.3,69.8,0,rain,0,0,19.1,16.9,57.6,1019.3,25.9,16,6,2022-09-14T06:29:40,2022-09-14T19:01:45
chicago,2022-09-15,28.2,17,22.6,66.3,0,,0,0,29.5,17,198.8,1021.5,49.3,15.5,6,2022-09-15T06:30:42,2022-09-15T19:00:01
chicago,2022-09-16,28.9,18.8,24,62,0,,0,0,38.9,23.1,195.6,1018.9,74.3,16,6,2022-09-16T06:31:44,2022-09-16T18:58:16
chicago,2022-09-17,30.2,21.1,25.3,57.5,0,rain,0,0,59.2,32.4,199.3,1015.6,80.2,16,7,2022-09-17T06:32:46,2022-09-17T18:56:31
chicago,2022-09-18,29.7,22.1,26,57.3,0.036,rain,0,0,43,24,216.3,1012.6,63,16,7,2022-09-18T06:33:48,2022-09-18T18:54:46
chicago,2022-09-19,25.6,19.8,22.7,68.3,6.982,rain,0,0,53.6,18.4,35.7,1014.1,38.5,15.8,8,2022-09-19T06:34:51,2022-09-19T18:53:01
chicago,2022-09-20,32.3,18.3,24,67.5,4.023,rain,0,0,70.4,45,182.4,1013.1,45,15.6,2,2022-09-20T06:35:53,2022-09-20T18:51:16
chicago,2022-09-21,30.2,18.6,26,53.9,0.871,rain,0,0,46.9,26.2,296.8,1010.2,55.1,16,7,2022-09-21T06:36:55,2022-09-21T18:49:31
chicago,2022-09-22,18.2,13,15.7,53.7,0,,0,0,45.8,27.3,354.7,1020.5,41.7,16,8,2022-09-22T06:37:58,2022-09-22T18:47:47
chicago,2022-09-23,17.5,11.2,14.7,55,0,,0,0,35.3,16.3,166.1,1022.3,76.5,16,3,2022-09-23T06:39:01,2022-09-23T18:46:02
chicago,2022-09-24,22.7,12.3,16.9,66.7,1.376,rain,0,0,40.7,20.9,225.5,1012.3,92.8,15.6,2,2022-09-24T06:40:04,2022-09-24T18:44:17
chicago,2022-09-25,20,14.7,17,71.2,1.879,rain,0,0,48.1,24.1,289,1007.4,88.9,15.6,2,2022-09-25T06:41:07,2022-09-25T18:42:33
chicago,2022-09-26,17.8,11.4,14.3,58.8,0,,0,0,51.5,27.7,303.6,1011.4,46.3,16,8,2022-09-26T06:42:10,2022-09-26T18:40:48
chicago,2022-09-27,16.1,8.8,12.5,54.9,0,,0,0,45.1,28.9,320.7,1019.1,55.5,16,8,2022-09-27T06:43:13,2022-09-27T18:39:04
chicago,2022-09-28,16,8.7,12.2,60,0,rain,0,0,43.9,22.4,5,1030.2,53.9,16,8,2022-09-28T06:44:17,2022-09-28T18:37:20
chicago,2022-09-29,17.6,7.9,12.8,64,0,,0,0,21.2,12.8,71.2,1031.3,52.4,16,8,2022-09-29T06:45:21,2022-09-29T18:35:36
chicago,2022-09-30,18.7,9.3,14.2,64,0,,0,0,29.5,17.3,77.5,1025.3,16.6,16,4,2022-09-30T06:46:25,2022-09-30T18:33:53
chicago,2022-10-01,20.2,11.4,15.8,65.7,0,,0,0,37.9,26,19.2,1022.7,13.8,15.9,7,2022-10-01T06:47:29,2022-10-01T18:32:10
chicago,2022-10-02,19.3,13.7,15.9,69.7,0,,0,0,36.5,24.4,35.7,1026.6,36.3,16,2,2022-10-02T06:48:33,2022-10-02T18:30:27
chicago,2022-10-03,19.9,9.3,14.6,57.9,0,,0,0,31.7,13.9,73.3,1027.4,12.4,16,7,2022-10-03T06:49:38,2022-10-03T18:28:45
chicago,2022-10-04,23.5,8.2,15.5,55.5,0,,0,0,16.9,11.5,171.8,1023.3,29.4,16,4,2022-10-04T06:50:43,2022-10-04T18:27:03
chicago,2022-10-05,24.7,10.4,17.8,43.2,0,,0,0,31.7,15.4,227.1,1018.9,73.7,15.9,7,2022-10-05T06:51:48,2022-10-05T18:25:22
chicago,2022-10-06,23.9,13.6,17.7,58.9,2.245,rain,0,0,57.4,37.4,310.8,1017,86.3,15.6,6,2022-10-06T06:52:54,2022-10-06T18:23:41
chicago,2022-10-07,13.6,6.9,10.2,61,0,rain,0,0,54.6,29,1.9,1027.6,68.1,16,2,2022-10-07T06:53:59,2022-10-07T18:22:00
chicago,2022-10-08,15.2,3.5,9.2,52.7,0,,0,0,44.9,29.8,250.7,1027.1,28.7,16,1,2022-10-08T06:55:05,2022-10-08T18:20:20
chicago,2022-10-09,21.1,7.2,13.7,45.1,0,rain,0,0,46.1,19.5,239,1020.2,45.3,16,7,2022-10-09T06:56:12,2022-10-09T18:18:41
chicago,2022-10-10,23.3,10,15.6,59.2,0,,0,0,22.3,18.2,303.4,1020.4,25.8,15.7,6,2022-10-10T06:57:18,2022-10-10T18:17:02
chicago,2022-10-11,20.8,12,15.9,69.5,11.992,rain,0,0,48.4,28.5,189.5,1017.2,66.1,14,2,2022-10-11T06:58:25,2022-10-11T18:15:24
chicago,2022-10-12,18.2,11.2,15.5,71.5,10.028,rain,0,0,57.6,29.8,210.9,1006.8,85.6,15,1,2022-10-12T06:59:32,2022-10-12T18:13:47
chicago,2022-10-13,13.2,5,9.1,54,0.036,rain,0,0,62.3,36.2,255.7,1006,46.8,16,6,2022-10-13T07:00:40,2022-10-13T18:12:10
chicago,2022-10-14,16,4.6,9,51,1.895,rain,0,0,56.5,27.7,229.8,1005.1,86.8,15.9,7,2022-10-14T07:01:48,2022-10-14T18:10:34
chicago,2022-10-15,12.1,2.5,7.8,62.7,0,,0,0,55.8,26.3,240.4,1012.3,41.4,16,7,2022-10-15T07:02:56,2022-10-15T18:08:59
chicago,2022-10-16,13,5.1,9.6,56.8,0,rain,0,0,48.3,30.9,287.1,1013.8,60.9,16,3,2022-10-16T07:04:04,2022-10-16T18:07:25
chicago,2022-10-17,7.3,4,5.4,57.8,0,rain,0,0,59.6,39.7,308,1012.6,88.2,16,1,2022-10-17T07:05:13,2022-10-17T18:05:51
chicago,2022-10-18,8.6,2.5,5.8,51.5,0,,0,0,53.6,33.6,318.8,1016.4,93.5,16,7,2022-10-18T07:06:22,2022-10-18T18:04:19
chicago,2022-10-19,9.5,1.7,5.6,48.4,0,,0,0,49.3,26.6,288,1015.6,39.4,16,6,2022-10-19T07:07:32,2022-10-19T18:02:47
chicago,2022-10-20,17,1.4,8.3,38.2,0,,0,0,38.9,19.6,232,1009.5,61.5,16,4,2022-10-20T07:08:42,2022-10-20T18:01:16
chicago,2022-10-21,25.2,7,15.5,43.4,0,,0,0,50.3,28.1,202.8,1007.1,40.6,16,6,2022-10-21T07:09:52,2022-10-21T17:59:47
chicago,2022-10-22,27.3,14.1,20.3,46.8,0,,0,0,47.5,28.2,189.3,1008.9,27.4,16,6,2022-10-22T07:11:02,2022-10-22T17:58:18
chicago,2022-10-23,26.7,17.7,21.9,51.4,0,rain,0,0,66.4,39.3,175.7,1011.7,42.1,16,5,2022-10-23T07:12:13,2022-10-23T17:56:50
chicago,2022-10-24,25.5,18.2,21.9,48.5,0.428,rain,0,0,58.9,34.4,177.4,1010.5,83.1,16,2,2022-10-24T07:13:24,2022-10-24T17:55:24
chicago,2022-10-25,22,10.3,15.9,73.3,19.862,rain,0,0,48,28.5,151.3,1005.1,97.2,11.4,1,2022-10-25T07:14:36,2022-10-25T17:53:58
chicago,2022-10-26,12.9,6.9,9.3,66.2,1.244,rain,0,0,52,32.9,326.7,1013.6,49.7,15.9,7,2022-10-26T07:15:47,2022-10-26T17:52:34
chicago,2022-10-27,12,4.8,8.6,66.8,0,rain,0,0,36.4,19.1,98.2,1026.8,69.5,16,6,2022-10-27T07:16:59,2022-10-27T17:51:11
chicago,2022-10-28,15.7,7.4,11,59.4,0,,0,0,35.6,12.7,89.1,1029.1,44.9,16,7,2022-10-28T07:18:11,2022-10-28T17:49:50
chicago,2022-10-29,18.8,5.8,11.5,64.7,0,,0,0,19.1,16.1,84.3,1026.2,26.8,15.7,6,2022-10-29T07:19:24,2022-10-29T17:48:29
chicago,2022-10-30,18.1,8.9,12.8,68.6,1.07,rain,0,0,23.8,14.1,62.8,1016.2,84.2,14.3,2,2022-10-30T07:20:37,2022-10-30T17:47:10
chicago,2022-10-31,15.2,11.4,13.6,88.1,0.636,rain,0,0,22.3,12.4,17.4,1010.5,83.3,5.3,1,2022-10-31T07:21:50,2022-10-31T17:45:52
chicago,2022-11-01,20.8,8.1,14,60.2,0,rain,0,0,24.1,15.9,230.5,1019.4,5.6,14.3,6,2022-11-01T07:23:03,2022-11-01T17:44:36
chicago,2022-11-02,22.8,8.7,15.5,61.7,0,,0,0,37.1,17.3,169.8,1023.4,10.5,16,6,2022-11-02T07:24:16,2022-11-02T17:43:21
chicago,2022-11-03,23.5,12.2,18,56.6,0,,0,0,54.1,31.6,187.4,1019.1,49.8,16,4,2022-11-03T07:25:30,2022-11-03T17:42:08
chicago,2022-11-04,22.8,17.6,19.6,58.9,4.054,rain,0,0,66.3,31.7,188.3,1010.6,96.2,15.6,1,2022-11-04T07:26:44,2022-11-04T17:40:56
chicago,2022-11-05,21.4,8,14.8,70,6.849,rain,0,0,85.6,50.8,196.7,1001.2,88.3,14.9,1,2022-11-05T07:27:58,2022-11-05T17:39:46
chicago,2022-11-06,17.1,8,11.8,59.9,0,,0,0,53.9,31.8,220.5,1014,41.3,16,6,2022-11-06T06:29:12,2022-11-06T16:38:37
chicago,2022-11-07,13.6,5.1,9.1,42.1,0,,0,0,43.6,18.3,357.5,1032.2,39.7,16,7,2022-11-07T06:30:26,2022-11-07T16:37:30
chicago,2022-11-08,12,6.8,9.6,58.2,0,,0,0,49.7,21.4,99.1,1034.8,60.7,16,6,2022-11-08T06:31:40,2022-11-08T16:36:24
chicago,2022-11-09,20.7,8.7,15.1,48.4,0,,0,0,53.6,20.9,182.6,1023.6,60.9,16,2,2022-11-09T06:32:54,2022-11-09T16:35:21
chicago,2022-11-10,24.2,15.9,19.3,46,0,,0,0,51.9,28.9,192.9,1013.9,44.6,16,5,2022-11-10T06:34:08,2022-11-10T16:34:19
chicago,2022-11-11,15.9,0.7,7.1,62.6,0,,0,0,42.6,25.5,294.3,1011.4,62,16,5,2022-11-11T06:35:22,2022-11-11T16:33:18
chicago,2022-11-12,2.2,0.5,1.3,64.2,0,snow,0,0,37.1,22.3,300.7,1017.4,99.8,16,1,2022-11-12T06:36:36,2022-11-12T16:32:20
chicago,2022-11-13,2.4,-1.3,0.4,55,0,,0,0,47.9,19,304.4,1026.1,71.8,16,2,2022-11-13T06:37:50,2022-11-13T16:31:23
chicago,2022-11-14,5,-2.6,1.4,53.4,0,,0.2,0.1,42.5,18.5,152.1,1028,78.9,16,5,2022-11-14T06:39:04,2022-11-14T16:30:29
chicago,2022-11-15,3,0.3,1.9,81.7,3.591,"rain,snow",1.2,0.6,37.8,19.8,93.9,1022.6,99.8,8.2,1,2022-11-15T06:40:17,2022-11-15T16:29:36
chicago,2022-11-16,1.8,0,1.2,82.8,0.498,snow,0.1,0.8,37.4,19.3,282.9,1020.1,95,12.1,1,2022-11-16T06:41:31,2022-11-16T16:28:45
chicago,2022-11-17,1,-1.6,-0.3,70.9,0,snow,0.3,1.1,54.8,32.6,254.8,1020.7,96.6,14.8,5,2022-11-17T06:42:44,2022-11-17T16:27:56
chicago,2022-11-18,-1.1,-6.1,-3.7,66.3,0.291,snow,0.2,0.3,53,33.5,263,1021.9,97.9,14.9,1,2022-11-18T06:43:56,2022-11-18T16:27:10
chicago,2022-11-19,-2.9,-8.2,-5.4,59.4,0,snow,0.5,0.4,61.9,35.8,254.3,1019.9,78.8,15,1,2022-11-19T06:45:09,2022-11-19T16:26:25
chicago,2022-11-20,0.8,-10.6,-4.5,53.4,0,,0,0.4,48.9,27,231.1,1027.1,24.8,16,5,2022-11-20T06:46:21,2022-11-20T16:25:42
chicago,2022-11-21,8.2,-1.4,2.5,46.1,0,,0,0,48.7,30,235.2,1021.8,23.2,16,5,2022-11-21T06:47:32,2022-11-21T16:25:02
chicago,2022-11-22,10.8,-2.3,3.9,52,0,,0,0,34.1,20.7,236.4,1023.2,27.3,16,5,2022-11-22T06:48:43,2022-11-22T16:24:23
chicago,2022-11-23,14.4,0.9,7.1,63.8,0,,0,0,44.6,21,199.1,1021.3,36,16,5,2022-11-23T06:49:53,2022-11-23T16:23:47
chicago,2022-11-24,11.6,3.2,7.4,70.1,0,rain,0,0,32,17.9,211.9,1019.7,79.3,15.6,2,2022-11-24T06:51:03,2022-11-24T16:23:13
chicago,2022-11-25,11.2,1.2,5.8,64.9,0,,0,0,34.2,18,274.7,1022.3,7.5,15.4,4,2022-11-25T06:52:12,2022-11-25T16:22:41
chicago,2022-11-26,12.9,1.2,6.9,52.3,0,,0,0,45.6,28.5,209.4,1015.7,36.2,16,4,2022-11-26T06:53:20,2022-11-26T16:22:11
chicago,2022-11-27,7.5,2.6,6,77.1,4.426,rain,0,0,52.3,34.2,3,1003.2,94.8,14.9,1,2022-11-27T06:54:28,2022-11-27T16:21:44
chicago,2022-11-28,7.4,-1.1,3.8,74.3,0,rain,0,0,39.2,20.9,190.6,1013.6,72.4,16,5,2022-11-28T06:55:34,2022-11-28T16:21:19
chicago,2022-11-29,14.7,3.6,9.4,77.4,3.935,rain,0,0,63.9,39.4,185.9,1005.2,90.5,14.9,2,2022-11-29T06:56:40,2022-11-29T16:20:56
chicago,2022-11-30,1.6,-6.2,-3.1,60.9,0,,0,0,68.2,41.7,272.8,1017.2,60.1,16,3,2022-11-30T06:57:45,2022-11-30T16:20:35
chicago,2022-12-01,1.9,-7.8,-2.7,57.2,0,,0,0,46.4,25.9,211.8,1029.7,52.1,16,2,2022-12-01T06:58:48,2022-12-01T16:20:17
chicago,2022-12-02,11.3,2.2,7,53.5,0,rain,0,0,62.4,34,198.8,1012.7,96.6,16,1,2022-12-02T06:59:51,2022-12-02T16:20:01
chicago,2022-12-03,10.7,-5.8,-1,56,0,rain,0,0,65.9,39.8,273,1024.7,32,15.9,2,2022-12-03T07:00:52,2022-12-03T16:19:48
chicago,2022-12-04,4.4,-7.1,-1.5,50.7,0,,0,0,48.6,26.3,223.8,1023,13.1,16,2,2022-12-04T07:01:53,2022-12-04T16:19:37
chicago,2022-12-05,6.2,-1.4,2.5,63.7,0,rain,0,0,43.2,17.1,203.6,1013.2,83.6,15.4,1,2022-12-05T07:02:52,2022-12-05T16:19:28
chicago,2022-12-06,6.2,2.8,4.9,80.6,0,,0,0,30.2,14,30.3,1016.6,92.8,12.5,1,2022-12-06T07:03:50,2022-12-06T16:19:22
chicago,2022-12-07,6.2,2.8,4.5,82.4,0,rain,0,0,20.2,17.1,327,1024.8,97.2,8.3,1,2022-12-07T07:04:46,2022-12-07T16:19:18
chicago,2022-12-08,4.9,1.4,3.1,70.9,0,,0,0,24.1,21.7,57.5,1028.5,84.2,15.3,1,2022-12-08T07:05:41,2022-12-08T16:19:16
chicago,2022-12-09,3.4,1.6,2.7,87.3,10.496,"rain,snow",1.5,0.1,44.4,25.4,91.4,1023.1,93.6,9.1,0,2022-12-09T07:06:34,2022-12-09T16:19:17
chicago,2022-12-10,4,2.9,3.4,87.2,0.061,rain,0,0.3,24.1,14.3,125.7,1022.6,100,9.1,0,2022-12-10T07:07:26,2022-12-10T16:19:20
chicago,2022-12-11,4,2.7,3.5,78.1,0,rain,0,0.2,16.6,14.3,306.9,1023.7,100,15.1,1,2022-12-11T07:08:16,2022-12-11T16:19:26
chicago,2022-12-12,5.1,2.7,3.8,73.3,0.072,rain,0,0.1,33.5,20.7,102.3,1026.2,99.9,15.8,1,2022-12-12T07:09:05,2022-12-12T16:19:34
chicago,2022-12-13,2.9,1.8,2.6,71,0.431,rain,0,0,55.4,31,117.6,1022.2,99.3,16,0,2022-12-13T07:09:52,2022-12-13T16:19:44
chicago,2022-12-14,6.7,3.4,4.5,87.5,21.067,rain,0.5,0,55.4,31.1,115,1008.9,100,7.4,0,2022-12-14T07:10:37,2022-12-14T16:19:57
chicago,2022-12-15,3.4,-0.5,1.6,83.2,10.809,"rain,snow",0.4,0.3,48.2,28.7,221.8,1001.8,99.2,12.4,0,2022-12-15T07:11:20,2022-12-15T16:20:12
chicago,2022-12-16,-0.6,-2.9,-1.5,74.4,0.333,snow,0.5,0.4,47.7,28,229.7,1005.4,99.9,11.3,1,2022-12-16T07:12:02,2022-12-16T16:20:30
chicago,2022-12-17,-3.2,-5.9,-4.3,73.6,0,snow,0.6,0.9,47.7,29.8,251.5,1009.4,100,15,1,2022-12-17T07:12:41,2022-12-17T16:20:49
chicago,2022-12-18,-6.1,-9.9,-7.8,70.6,0,snow,0.5,0.6,41.5,26.2,261.5,1021.6,50.5,15.9,2,2022-12-18T07:13:19,2022-12-18T16:21:11
chicago,2022-12-19,-3.2,-12.1,-7.3,64.1,0,,0.1,0.5,35.3,15.1,251.4,1031.4,60.6,16,1,2022-12-19T07:13:55,2022-12-19T16:21:36
chicago,2022-12-20,0.4,-5.6,-2.4,72.8,0,snow,0,0.2,20.5,15.3,267.4,1032.1,88.7,15.6,1,2022-12-20T07:14:28,2022-12-20T16:22:02
chicago,2022-12-21,0.1,-9.3,-4.5,71.3,0,snow,0.2,0.2,33.5,15.7,19.4,1029,89.6,14.5,1,2022-12-21T07:15:00,2022-12-21T16:22:31
chicago,2022-12-22,0.7,-19.9,-6.2,75,0.543,snow,1.1,0.5,56.7,36.6,279.7,1012.7,100,7.3,1,2022-12-22T07:15:29,2022-12-22T16:23:02
chicago,2022-12-23,-18.2,-22.6,-20.1,64.7,0,snow,1.5,2.2,75.2,46,275.1,1013.6,99.1,5.5,1,2022-12-23T07:15:56,2022-12-23T16:23:35
chicago,2022-12-24,-10.3,-18.2,-14.4,61.6,0,,1,2.5,59.6,40.4,273.7,1015.3,48.4,13.9,3,2022-12-24T07:16:22,2022-12-24T16:24:10
chicago,2022-12-25,-9.9,-16.5,-12.9,62,0,,0,2.3,50.4,26.8,266.4,1019.4,41,16,2,2022-12-25T07:16:45,2022-12-25T16:24:47
chicago,2022-12-26,-5.6,-10.3,-7.8,66.6,0.068,snow,1.3,2.1,25.9,19.9,298.2,1022.7,87.5,14.7,1,2022-12-26T07:17:05,2022-12-26T16:25:27
chicago,2022-12-27,-3.7,-13.2,-8.2,73.7,0,,0,1.8,54.6,32.4,202,1021.2,60.2,16,2,2022-12-27T07:17:24,2022-12-27T16:26:08
chicago,2022-12-28,7.2,-3.7,2.6,67,0,,0,1.2,63.3,35.8,193.5,1010.3,78.9,16,2,2022-12-28T07:17:40,2022-12-28T16:26:51
chicago,2022-12-29,14.2,6.6,10.8,80.5,0,rain,0,1.4,56.9,34.2,195.5,1010,82.4,15.8,1,2022-12-29T07:17:54,2022-12-29T16:27:36
chicago,2022-12-30,13.9,0.1,6.1,78.3,0,rain,0,1.2,54.9,28.1,247.3,1014.7,90.5,14.2,1,2022-12-30T07:18:06,2022-12-30T16:28:23
chicago,2022-12-31,3.7,-2.5,0.5,78,0,,0,1.2,29.5,13.4,12.8,1014,82.6,15.3,2,2022-12-31T07:18:15,2022-12-31T16:29:12
chicago,2023-01-01,6.8,2.9,5.1,89.1,2.938,rain,0,0,22.3,14,228.4,1014,93.7,8,1,2023-01-01T07:18:22,2023-01-01T16:30:02
chicago,2023-01-02,6.2,0,3.4,90,0,rain,0,0,31.7,19.3,49.5,1017.2,86,7.4,1,2023-01-02T07:18:26,2023-01-02T16:30:54
chicago,2023-01-03,8.1,4.1,6.1,95.4,24.194,rain,0,0,37.1,21.7,36.5,1004.3,99.6,3.1,0,2023-01-03T07:18:29,2023-01-03T16:31:48
chicago,2023-01-04,7.3,0.8,2.8,82.7,0.208,"rain,snow",0,0,34.4,20.3,235.2,1006.9,89.6,13.7,1,2023-01-04T07:18:29,2023-01-04T16:32:44
chicago,2023-01-05,1.2,0,0.6,81.5,0.068,snow,2.4,0.2,35.3,20,242.6,1012.3,99.7,11.2,2,2023-01-05T07:18:26,2023-01-05T16:33:41
chicago,2023-01-06,0.9,-3.3,-1.5,78.9,0.036,"rain,snow",0.3,2.2,29.5,21,264.1,1021.5,99.6,14.7,0,2023-01-06T07:18:21,2023-01-06T16:34:39
chicago,2023-01-07,0.3,-2.5,-1,74.3,0,snow,0,2.7,27.7,15.1,357,1028.9,98.8,15.4,1,2023-01-07T07:18:14,2023-01-07T16:35:39
chicago,2023-01-08,0.8,-3.2,-0.9,74.7,0,snow,0,0,13,16.9,281.9,1025,96.5,15.4,2,2023-01-08T07:18:05,2023-01-08T16:36:40
chicago,2023-01-09,6.6,-3.8,1.2,75.9,0,snow,0,0,37.1,21.8,215.5,1019.9,60.3,13.2,4,2023-01-09T07:17:53,2023-01-09T16:37:43
chicago,2023-01-10,9.5,2,5.2,73,0,rain,0,0,31.3,17.3,193.5,1012.1,59.2,15.1,4,2023-01-10T07:17:39,2023-01-10T16:38:46
chicago,2023-01-11,11.7,3.5,7.1,76.9,0,rain,0,0,14.8,12.7,158.2,1009.6,93.5,14,2,2023-01-11T07:17:22,2023-01-11T16:39:51
chicago,2023-01-12,6.4,2.9,3.4,78.1,0,"rain,snow",0,0,53.6,34.6,357.4,1014.5,99,12.2,1,2023-01-12T07:17:04,2023-01-12T16:40:57
chicago,2023-01-13,1.9,-2.9,-0.7,71.3,0.213,snow,1.1,0.4,51.5,34,346.1,1024,100,15.2,1,2023-01-13T07:16:43,2023-01-13T16:42:05
chicago,2023-01-14,-0.6,-4.1,-2.7,69.9,0,snow,0,2.8,33.5,15.6,227,1025.8,89.1,16,5,2023-01-14T07:16:19,2023-01-14T16:43:13
chicago,2023-01-15,5.9,-3.2,1.3,63.3,0,"rain,snow",0,0,50.7,27.9,166.9,1019,79.9,16,4,2023-01-15T07:15:54,2023-01-15T16:44:22
chicago,2023-01-16,11,4.4,6.8,70.2,4.178,rain,0,0,50,27.7,171.7,1005.1,98.4,13.2,0,2023-01-16T07:15:26,2023-01-16T16:45:32
chicago,2023-01-17,10.1,3,4.9,78.8,0,rain,0,0,58.8,34.7,258.6,1003.2,97.7,15.2,1,2023-01-17T07:14:56,2023-01-17T16:46:43
chicago,2023-01-18,4,2.3,3.2,75.9,5.639,rain,0.4,0,57.6,37,61.9,1013.8,99.9,15.2,1,2023-01-18T07:14:23,2023-01-18T16:47:54
chicago,2023-01-19,5.5,1.8,3.6,90.7,3.469,"rain,snow",0,0.1,56.5,29.4,238.7,1001.2,100,9.2,0,2023-01-19T07:13:49,2023-01-19T16:49:07
chicago,2023-01-20,1.8,-0.7,0.5,73.5,0,snow,0,0,43.1,25.5,290,1018.1,100,15.7,1,2023-01-20T07:13:12,2023-01-20T16:50:20
chicago,2023-01-21,-0.5,-2,-1.1,76,0,,0.2,0.1,20.5,18.3,229.2,1022,100,16,1,2023-01-21T07:12:34,2023-01-21T16:51:33
chicago,2023-01-22,1.2,-1.5,-0.2,84.7,1.045,"rain,snow",2.4,0.3,25.9,16.5,346.7,1013.4,99.9,8.5,1,2023-01-22T07:11:53,2023-01-22T16:52:48
chicago,2023-01-23,-0.9,-5.6,-2.8,79.8,0,snow,0,1.9,43.2,27.4,261.9,1018.9,90,14.1,2,2023-01-23T07:11:10,2023-01-23T16:54:02
chicago,2023-01-24,2.8,-2.1,0.1,76.1,0,,0.8,1.4,33,21.3,249.5,1022,94.9,15.3,4,2023-01-24T07:10:25,2023-01-24T16:55:18
chicago,2023-01-25,1.2,-0.4,0.6,88.5,6.145,snow,8.7,1.6,38.9,18.9,353.5,1009.3,99.9,4.3,1,2023-01-25T07:09:38,2023-01-25T16:56:33
chicago,2023-01-26,0.1,-7.2,-3.8,81.6,0.505,snow,5.1,2.1,39.4,28,258.3,1014,99.7,8.3,1,2023-01-26T07:08:49,2023-01-26T16:57:49
chicago,2023-01-27,2.3,-10.1,-4.2,74.1,0.501,"rain,snow,ice",1.1,2.4,66.9,36.8,225,1012.3,59.4,13.6,1,2023-01-27T07:07:59,2023-01-27T16:59:06
chicago,2023-01-28,-0.6,-6.6,-4,75.3,1.456,"freezingrain,snow",1.3,3.1,38.9,21.8,29.6,1021.1,93.8,12.1,1,2023-01-28T07:07:06,2023-01-28T17:00:22
chicago,2023-01-29,-0.8,-6.8,-3.9,77.6,0.583,snow,0.8,4.4,40.7,25.8,347.8,1023.3,99.9,12.8,1,2023-01-29T07:06:11,2023-01-29T17:01:39
chicago,2023-01-30,-7.3,-14.2,-10.9,56.5,0,snow,0.1,4.4,35,22.4,322.3,1030.3,68.3,14.7,2,2023-01-30T07:05:15,2023-01-30T17:02:56
chicago,2023-01-31,-10.8,-16.6,-13.8,53.3,0,,0,3.6,24.1,17.5,269.7,1031.7,24.5,16,5,2023-01-31T07:04:16,2023-01-31T17:04:13
chicago,2023-02-01,-2.3,-14.3,-8,55,0,,0.1,3.3,38.9,25.7,220.9,1028,17.5,16,6,2023-02-01T07:03:16,2023-02-01T17:05:30
chicago,2023-02-02,1.1,-10.2,-4,54.8,0,snow,0.2,3.2,53.1,33.2,276.1,1022.4,6.8,16,6,2023-02-02T07:02:15,2023-02-02T17:06:48
chicago,2023-02-03,-11.4,-17,-13.5,44.1,0,,0,2.9,48.8,30.6,322.6,1036,44.3,16,7,2023-02-03T07:01:11,2023-02-03T17:08:05
chicago,2023-02-04,5.6,-11.5,-2.1,55.2,0,,0.1,2.4,50.4,28.9,200.2,1021.3,70.7,16,6,2023-02-04T07:00:06,2023-02-04T17:09:23
chicago,2023-02-05,5.9,-1.1,2.9,64.3,0,,0,1.3,52.3,25.8,251.8,1014.4,41.3,16,6,2023-02-05T06:58:59,2023-02-05T17:10:40
chicago,2023-02-06,7.6,-4.6,1.7,65.9,0,,0.1,0.4,58.8,35.6,154.1,1019.8,50.9,14.9,5,2023-02-06T06:57:51,2023-02-06T17:11:58
chicago,2023-02-07,9.9,0.3,4.6,72.4,0,rain,0.1,0.2,58.2,32.4,244.9,1015.6,70.3,16,1,2023-02-07T06:56:41,2023-02-07T17:13:15
chicago,2023-02-08,6.4,-3,1.7,70.2,0,rain,0,2.4,16.6,14.4,132.6,1023.3,67.5,15.9,6,2023-02-08T06:55:29,2023-02-08T17:14:32
chicago,2023-02-09,6.6,2.2,3.8,90,23.584,"rain,snow",0.4,1.6,52.2,29.7,342,1006.8,100,8.5,1,2023-02-09T06:54:16,2023-02-09T17:15:49
chicago,2023-02-10,3.6,-3,1.3,60.7,0,,0,3.1,35.3,24.7,291.2,1025.3,33.2,15.5,7,2023-02-10T06:53:02,2023-02-10T17:17:06
chicago,2023-02-11,8.5,-5.1,1.4,54.7,0,,0,1.2,35.3,21.1,224.5,1027.3,2.3,16,7,2023-02-11T06:51:46,2023-02-11T17:18:23
chicago,2023-02-12,11.3,-1.5,4.9,49.7,0,,0,0,37.1,19.5,229.3,1015.8,29.7,16,7,2023-02-12T06:50:29,2023-02-12T17:19:39
chicago,2023-02-13,11.2,1.7,6.2,48.4,0,,0,0,37.6,24.9,274.6,1010.4,22.8,16,7,2023-02-13T06:49:11,2023-02-13T17:20:56
chicago,2023-02-14,12.1,1.6,7.9,58.6,1.161,rain,0,0,72.4,40.3,167.1,1005.9,80.7,16,2,2023-02-14T06:47:51,2023-02-14T17:22:12
chicago,2023-02-15,11,2.1,6.3,73.7,6.113,rain,0.1,0,81.1,46.6,247.8,1006.9,99.4,15.7,2,2023-02-15T06:46:30,2023-02-15T17:23:28
chicago,2023-02-16,2.1,-3.4,0.5,83.5,7.527,"rain,snow,ice",0.9,0.2,54,36.4,23.5,1013.8,98.1,8.7,0,2023-02-16T06:45:07,2023-02-16T17:24:44
chicago,2023-02-17,-3,-7,-4.8,66.8,0,snow,0.9,1.1,50.7,30.9,311.8,1024.9,46,15.9,8,2023-02-17T06:43:44,2023-02-17T17:25:59
chicago,2023-02-18,7.5,-4.1,2.2,59.1,0,,0.2,0.8,50.2,24.5,214.5,1022.5,59.8,16,7,2023-02-18T06:42:19,2023-02-18T17:27:14
chicago,2023-02-19,11,3.9,6.7,57.5,0,,0,0.1,55.3,33.8,232,1011,58.4,16,6,2023-02-19T06:40:54,2023-02-19T17:28:29
chicago,2023-02-20,7.4,-0.8,3.6,66.4,0,,0,0,29.5,17.7,65.1,1007.7,51.6,16,5,2023-02-20T06:39:27,2023-02-20T17:29:44
chicago,2023-02-21,5,-3.6,0.9,52.7,0,snow,0,0,59.1,37.3,280,1008,73.4,16,7,2023-02-21T06:37:59,2023-02-21T17:30:58
chicago,2023-02-22,1.9,1,1.4,80,22.377,"rain,snow",6.3,0.6,50.8,33.1,68.7,1005.4,100,11.2,0,2023-02-22T06:36:30,2023-02-22T17:32:12
chicago,2023-02-23,4.7,-3.8,1.2,78.1,0.515,rain,0.1,3.2,63.7,37.5,272.9,1014.4,95.5,12,2,2023-02-23T06:35:01,2023-02-23T17:33:26
chicago,2023-02-24,-2.2,-7.5,-4.3,65,0.584,snow,0.5,0.2,40.7,19.6,12.5,1036.2,67.4,14.5,5,2023-02-24T06:33:30,2023-02-24T17:34:39
chicago,2023-02-25,3.5,-2.9,0,72.4,0.196,snow,1.2,0.9,35.3,22.3,233.4,1023.8,63.1,15.9,8,2023-02-25T06:31:58,2023-02-25T17:35:52
chicago,2023-02-26,9.7,-2.1,3.1,64.5,0,,0,0.1,38.9,18.7,186.3,1015.5,27.2,15.5,7,2023-02-26T06:30:26,2023-02-26T17:37:05
chicago,2023-02-27,13.9,3.8,8,76.2,22.284,rain,0,0,66.1,36,227.5,994.2,98.4,13.1,5,2023-02-27T06:28:53,2023-02-27T17:38:18
chicago,2023-02-28,10.2,3.3,5.7,63.5,0,,0,0,41.2,22.9,345.8,1010.1,81.8,16,7,2023-02-28T06:27:19,2023-02-28T17:39:30
chicago,2023-03-01,13.7,3.6,8.1,68.8,2.96,rain,0,0,37.6,22.4,283.5,1007.8,53.5,15.1,7,2023-03-01T06:25:44,2023-03-01T17:40:42
chicago,2023-03-02,3.7,1.2,2.5,71,0,,0,0,44.5,21.5,30.5,1014.4,84.1,16,2,2023-03-02T06:24:08,2023-03-02T17:41:53
chicago,2023-03-03,3.4,1.1,2.3,77.9,0,snow,1.6,0.1,57.4,40.1,39.5,1004.3,90.9,14.8,1,2023-03-03T06:22:32,2023-03-03T17:43:05
chicago,2023-03-04,9.7,-1.8,3.6,77,0.669,"rain,freezingrain",0,0.3,38.9,21.9,247.2,1014.2,46.5,13.3,7,2023-03-04T06:20:55,2023-03-04T17:44:16
chicago,2023-03-05,9.1,-0.6,4.6,72.5,0.531,rain,0,0,40.7,24.5,79.4,1022.6,58.6,13.9,8,2023-03-05T06:19:18,2023-03-05T17:45:27
chicago,2023-03-06,12.2,4.5,7,76.2,2.883,rain,0,0,47.4,24.3,47.5,1014.1,91.6,15.8,3,2023-03-06T06:17:40,2023-03-06T17:46:37
chicago,2023-03-07,6.8,2.3,4,61.2,0,"rain,snow",0,0,42.1,28.5,36.1,1029.4,69.6,15.9,7,2023-03-07T06:16:01,2023-03-07T17:47:47
chicago,2023-03-08,7,2.9,4.6,42.8,0,,0,0,38.3,26.4,86.3,1032.9,85.5,16,6,2023-03-08T06:14:22,2023-03-08T17:48:57
chicago,2023-03-09,4.4,1.2,3.3,61.5,4.214,"rain,snow",0.2,0.1,50.6,27.5,77.2,1025,99.6,14,2,2023-03-09T06:12:43,2023-03-09T17:50:07
chicago,2023-03-10,2.7,0.8,1.4,86.2,3.33,snow,0.4,0.2,35.3,23.1,12.4,1017.4,99.9,9.2,4,2023-03-10T06:11:03,2023-03-10T17:51:16
chicago,2023-03-11,3.9,0.8,2.2,75,3.312,snow,0.3,0.2,27.7,20.9,65.2,1018.3,99.1,14.2,2,2023-03-11T06:09:22,2023-03-11T17:52:26
chicago,2023-03-12,2.8,-1,1.2,82.9,1.993,"rain,snow",1.2,0.4,39.9,25.1,195.8,1013.7,99.5,10.9,1,2023-03-12T07:07:41,2023-03-12T18:53:34
chicago,2023-03-13,0.5,-2.2,-1.1,69.6,0.018,"rain,snow",2.1,0.2,49.9,31.6,312.1,1018.9,95.8,14.3,1,2023-03-13T07:06:00,2023-03-13T18:54:43
chicago,2023-03-14,2.9,-5.8,-1.9,57.6,0,,0,0.1,33.5,18.7,337.5,1028.1,18.3,16,8,2023-03-14T07:04:19,2023-03-14T18:55:52
chicago,2023-03-15,10.1,-4.1,3.3,56.2,0,,0,0,49.4,27.9,192.5,1023.5,45,16,7,2023-03-15T07:02:37,2023-03-15T18:57:00
chicago,2023-03-16,9.1,5.6,7.2,63.7,2.208,rain,0,0,54.3,28.1,193.7,1008.1,95.8,14.1,1,2023-03-16T07:00:55,2023-03-16T18:58:08
chicago,2023-03-17,10.2,-3.5,1.6,70.4,3.87,rain,0,0,60.1,40.8,274.9,1006,80.1,14.3,5,2023-03-17T06:59:13,2023-03-17T18:59:16
chicago,2023-03-18,-4.1,-10.1,-6.4,56,0,,0.8,0,55.4,36,283.1,1018.1,69.2,15.4,4,2023-03-18T06:57:30,2023-03-18T19:00:24
chicago,2023-03-19,4.3,-7.1,-1.5,50.5,0,,0,0,47.2,29.8,256.2,1025.2,6.1,16,7,2023-03-19T06:55:48,2023-03-19T19:01:32
chicago,2023-03-20,10.8,-1.7,4.9,39.2,0,,0,0,66.6,38.5,210.2,1020,59.9,16,7,2023-03-20T06:54:05,2023-03-20T19:02:39
chicago,2023-03-21,12.1,3.1,6.8,52.8,0,rain,0,0,50,27.8,192.8,1020.9,80.9,16,3,2023-03-21T06:52:22,2023-03-21T19:03:46
chicago,2023-03-22,10.9,4.5,7.4,81.4,1.674,rain,0,0,42,25.6,187,1015.6,99.9,9.2,2,2023-03-22T06:50:39,2023-03-22T19:04:54
chicago,2023-03-23,9.2,3.2,5.6,82.8,5.861,rain,0,0,47.4,27.1,29.1,1015.1,95.1,12.3,4,2023-03-23T06:48:57,2023-03-23T19:06:01
chicago,2023-03-24,7,2.5,4.7,67.4,0.196,rain,0,0,40.6,26.7,58.2,1015.1,90.4,16,4,2023-03-24T06:47:14,2023-03-24T19:07:07
chicago,2023-03-25,7.1,1.9,3.6,76,13.063,"rain,snow",2.1,0.5,54.4,33.6,320.7,1002.4,78.2,10.9,4,2023-03-25T06:45:31,2023-03-25T19:08:14
chicago,2023-03-26,7.6,1.1,4.5,72.3,3.304,rain,0,0.7,38.9,25,35.1,1014.2,75.4,15.7,4,2023-03-26T06:43:48,2023-03-26T19:09:21
chicago,2023-03-27,7.8,0.7,4.3,63.4,0,rain,0,0,47.2,27.2,17.9,1020.8,36.5,15.9,8,2023-03-27T06:42:05,2023-03-27T19:10:28
chicago,2023-03-28,11,-1.1,4.7,53.8,0,,0,0,41,25.2,262.5,1025.1,53.2,16,5,2023-03-28T06:40:23,2023-03-28T19:11:34
chicago,2023-03-29,5.3,-0.4,3,49.9,0,snow,0.2,0,46.4,30.4,300.5,1024.1,55.7,15.7,6,2023-03-29T06:38:40,2023-03-29T19:12:41
chicago,2023-03-30,13,-2.2,4.8,47.7,0,,0,0,44.6,22.3,131,1022.8,67.7,16,7,2023-03-30T06:36:58,2023-03-30T19:13:47
chicago,2023-03-31,20.5,11.5,15.3,69.8,16.647,rain,0,0,78,47.3,201.7,1001.3,96.1,15.5,2,2023-03-31T06:35:16,2023-03-31T19:14:54
chicago,2023-04-01,12.1,1.7,4.5,70.6,1.361,rain,0,0,72.4,44.3,297.9,1004.4,65.8,15.5,2,2023-04-01T06:33:34,2023-04-01T19:16:00
chicago,2023-04-02,11.2,-0.5,5.6,63.9,0,,0,0,50,33.5,177.1,1014,21.4,16.3,7,2023-04-02T06:31:52,2023-04-02T19:17:06
chicago,2023-04-03,9.6,6.2,8.1,76.9,2.4,rain,0,0,42.6,28.4,169.8,1008.4,68.1,15.1,4,2023-04-03T06:30:11,2023-04-03T19:18:13
chicago,2023-04-04,16.4,5.9,10.3,88.4,2,rain,0,0,56.3,37.7,103.5,1006.8,84.6,12.5,1,2023-04-04T06:28:30,2023-04-04T19:19:19
chicago,2023-04-05,17,5.8,12.5,67.1,2,rain,0,0,68,45.4,221.4,1004.2,47.4,24.1,8,2023-04-05T06:26:49,2023-04-05T19:20:25
chicago,2023-04-06,6.8,-0.3,3.6,50.7,0,,0,0,54.4,35.8,275.4,1030.4,20.2,24.1,8,2023-04-06T06:25:09,2023-04-06T19:21:31
chicago,2023-04-07,8.5,1.2,5,55.5,0,,0,0,27.4,17.8,76.1,1032.5,51.4,24.1,6,2023-04-07T06:23:29,2023-04-07T19:22:37
chicago,2023-04-08,11.3,4.3,7.7,61.5,0,,0,0,37.3,19.8,66.4,1025.8,47.5,24.1,8,2023-04-08T06:21:50,2023-04-08T19:23:44
chicago,2023-04-09,18.6,8.7,13.3,45.2,0,,0,0,52.2,23.8,249.8,1014,75.8,23.9,7,2023-04-09T06:20:11,2023-04-09T19:24:50
chicago,2023-04-10,12.4,3.4,8,71.2,10.4,rain,0,0,42.8,23.8,306.2,1009.8,97.4,18,2,2023-04-10T06:18:33,2023-04-10T19:25:56
chicago,2023-04-11,3.2,-0.7,1.6,48.8,1,"rain,snow",0.2,0,37.4,24.1,5.4,1021.2,34.4,23.8,8,2023-04-11T06:16:55,2023-04-11T19:27:02
chicago,2023-04-12,16.4,1.8,8.6,51.2,0.1,rain,0,0,72.7,30.6,242.5,1009.4,84.4,24.1,6,2023-04-12T06:15:17,2023-04-12T19:28:09
chicago,2023-04-13,10.5,4.1,7.5,44.5,0,,0,0,37.7,21.2,303.6,1012.7,71.1,24.1,8,2023-04-13T06:13:41,2023-04-13T19:29:15
chicago,2023-04-14,12.4,4.2,7.5,49.9,0.3,rain,0,0,63.4,27,243.7,1015.8,51.4,24.1,3,2023-04-14T06:12:05,2023-04-14T19:30:21
chicago,2023-04-15,4.7,0.4,3.1,52.4,0,,0,0,44.3,20.9,3.9,1028.7,1,24.1,8,2023-04-15T06:10:29,2023-04-15T19:31:27
